URL,Label
http://cam.cornell.edu/ph/index.html,6
http://cam.cornell.edu/~baggett/index.html,6
http://cs-tr.cs.cornell.edu,4
http://cs.cornell.edu/info/courses/current/cs415/cs414.html,0
http://cs.cornell.edu/info/courses/fall-95/cs415/cs415.html,0
http://cs.cornell.edu/info/courses/spring-96/cs432/cs432.html,0
http://dri.cornell.edu,4
http://dri.cornell.edu/pub/people/davis.html,5
http://simon.cs.cornell.edu/info/courses/current/cs401,0
http://simon.cs.cornell.edu/info/courses/spring-96/cs515,0
http://simon.cs.cornell.edu/info/people/vogels,5
http://simon.cs.cornell.edu/info/projects/horus,5
http://www.cs.cornell.edu,0
http://www.cs.cornell.edu/info/courses/current/cs100b/home.html,0
http://www.cs.cornell.edu/info/courses/current/cs211/home.html,0
http://www.cs.cornell.edu/info/courses/current/cs212/cs212.html,0
http://www.cs.cornell.edu/info/courses/current/cs212/outline.html,0
http://www.cs.cornell.edu/info/courses/current/cs280/cs280.html,0
http://www.cs.cornell.edu/info/courses/current/cs401/home.html,0
http://www.cs.cornell.edu/info/courses/current/cs410/home.html,0
http://www.cs.cornell.edu/info/courses/current/cs415/cs414.html,0
http://www.cs.cornell.edu/info/courses/current/cs472/cs472.html,0
http://www.cs.cornell.edu/info/courses/current/cs481/cs481.html,0
http://www.cs.cornell.edu/info/courses/current/cs537/course.html,0
http://www.cs.cornell.edu/info/courses/current/cs611/home.html,0
http://www.cs.cornell.edu/info/courses/current/cs631/home.html,0
http://www.cs.cornell.edu/info/courses/current/cs631/welcome.html,0
http://www.cs.cornell.edu/info/courses/current/cs681/cs681.html,0
http://www.cs.cornell.edu/info/courses/fall-94/cs617,0
http://www.cs.cornell.edu/info/courses/fall-95/cs314,0
http://www.cs.cornell.edu/info/courses/fall-95/cs472/cs472.html,0
http://www.cs.cornell.edu/info/courses/fall-95/cs501/cs401-501.html,0
http://www.cs.cornell.edu/info/courses/spring-95/cs314/home.html,0
http://www.cs.cornell.edu/info/courses/spring-96/cs100/cs100.html,0
http://www.cs.cornell.edu/info/courses/spring-96/cs211/cs211.html,0
http://www.cs.cornell.edu/info/courses/spring-96/cs212/cs212.html,0
http://www.cs.cornell.edu/info/courses/spring-96/cs512/home.html,0
http://www.cs.cornell.edu/info/courses/spring-96/cs514/index.html,0
http://www.cs.cornell.edu/info/courses/spring-96/cs516,0
http://www.cs.cornell.edu/info/courses/spring-96/cs664/cs664.html,0
http://www.cs.cornell.edu/info/courses/spring-96/cs674/cs674.html,2
http://www.cs.cornell.edu/info/courses/summer-96/cs99/cs99.html,0
http://www.cs.cornell.edu/info/department/annual94/faculty/salton.html,2
http://www.cs.cornell.edu/info/department/annual94/researchers/li.html,5
http://www.cs.cornell.edu/info/department/annual94/researchers/zippel.html,5
http://www.cs.cornell.edu/info/department/annual95/faculty/birman.html,2
http://www.cs.cornell.edu/info/department/annual95/faculty/greenberg.html,2
http://www.cs.cornell.edu/info/department/annual95/faculty/hartmanis.html,2
http://www.cs.cornell.edu/info/department/annual95/faculty/hopcroft.html,2
http://www.cs.cornell.edu/info/department/annual95/faculty/pingali.html,2
http://www.cs.cornell.edu/info/department/annual95/faculty/schneider.html,2
http://www.cs.cornell.edu/info/department/annual95/faculty/vanloan.html,2
http://www.cs.cornell.edu/info/department/annual95/faculty/wagner.html,2
http://www.cs.cornell.edu/info/faculty/brian_smith.html,2
http://www.cs.cornell.edu/info/faculty/rc/rc.html,2
http://www.cs.cornell.edu/info/people/aflorenc/home.html,6
http://www.cs.cornell.edu/info/people/ahuja/ahuja.html,6
http://www.cs.cornell.edu/info/people/alan/home.html,6
http://www.cs.cornell.edu/info/people/alexey/alexey.html,6
http://www.cs.cornell.edu/info/people/amith/yam.html,6
http://www.cs.cornell.edu/info/people/ankit/index.html,6
http://www.cs.cornell.edu/info/people/ashish/ashish.html,6
http://www.cs.cornell.edu/info/people/avinash/avinash.html,6
http://www.cs.cornell.edu/info/people/barber/welcome.html,6
http://www.cs.cornell.edu/info/people/bhao/bhao.html,6
http://www.cs.cornell.edu/info/people/bhardwaj/bhardwaj.html,6
http://www.cs.cornell.edu/info/people/brd/brd.html,2
http://www.cs.cornell.edu/info/people/cardie/cardie.html,2
http://www.cs.cornell.edu/info/people/chew/chew.html,5
http://www.cs.cornell.edu/info/people/chichao/chichao.html,6
http://www.cs.cornell.edu/info/people/ckliau/ckliau.html,6
http://www.cs.cornell.edu/info/people/coleman/coleman.html,5
http://www.cs.cornell.edu/info/people/crary/home.html,6
http://www.cs.cornell.edu/info/people/csun/sun.html,5
http://www.cs.cornell.edu/info/people/dcooper/dcooper.html,5
http://www.cs.cornell.edu/info/people/dean/dean.html,2
http://www.cs.cornell.edu/info/people/dean/home.html,5
http://www.cs.cornell.edu/info/people/divakar/divakar.html,6
http://www.cs.cornell.edu/info/people/diyu/y.html,6
http://www.cs.cornell.edu/info/people/dph/dph.html,2
http://www.cs.cornell.edu/info/people/ergun/ergun.html,2
http://www.cs.cornell.edu/info/people/eva/eva.html,2
http://www.cs.cornell.edu/info/people/fcc/fcc.html,6
http://www.cs.cornell.edu/info/people/fms/fms.html,6
http://www.cs.cornell.edu/info/people/fred/fred.html,6
http://www.cs.cornell.edu/info/people/gbd/gbd.html,6
http://www.cs.cornell.edu/info/people/ghias/home.html,6
http://www.cs.cornell.edu/info/people/gries/gries.html,2
http://www.cs.cornell.edu/info/people/grzes/grzes.html,6
http://www.cs.cornell.edu/info/people/hayden/hayden.html,6
http://www.cs.cornell.edu/info/people/hejik/hejik.html,6
http://www.cs.cornell.edu/info/people/hu/hu.html,6
http://www.cs.cornell.edu/info/people/huang/huang.html,6
http://www.cs.cornell.edu/info/people/icchen/icchen.html,6
http://www.cs.cornell.edu/info/people/imalik/indira.html,6
http://www.cs.cornell.edu/info/people/indira/homepage.html,6
http://www.cs.cornell.edu/info/people/ioi/home.html,6
http://www.cs.cornell.edu/info/people/jackson/jackson.html,5
http://www.cs.cornell.edu/info/people/janosi/home.html,6
http://www.cs.cornell.edu/info/people/jgm/home.html,2
http://www.cs.cornell.edu/info/people/jiawang/jiawang.html,6
http://www.cs.cornell.edu/info/people/jmiller/jmiller.html,6
http://www.cs.cornell.edu/info/people/jmm/jmm.html,6
http://www.cs.cornell.edu/info/people/joseluis/joseluis.html,6
http://www.cs.cornell.edu/info/people/jrdiazh/jrdiazh.html,6
http://www.cs.cornell.edu/info/people/jshapiro/jshapiro.htm,6
http://www.cs.cornell.edu/info/people/julian/julian.html,6
http://www.cs.cornell.edu/info/people/jyh/jyh.html,6
http://www.cs.cornell.edu/info/people/karl/home.html,6
http://www.cs.cornell.edu/info/people/karr/karr.html,6
http://www.cs.cornell.edu/info/people/kartikhk/homepg.html,6
http://www.cs.cornell.edu/info/people/kettnake/kettnake.html,6
http://www.cs.cornell.edu/info/people/kguo/home.html,6
http://www.cs.cornell.edu/info/people/kleinber/kleinber.html,2
http://www.cs.cornell.edu/info/people/kota/kota.html,6
http://www.cs.cornell.edu/info/people/kozen/kozen.html,2
http://www.cs.cornell.edu/info/people/kreitz/index.html,5
http://www.cs.cornell.edu/info/people/lagoze/home.html,5
http://www.cs.cornell.edu/info/people/ldzhou/index.html,6
http://www.cs.cornell.edu/info/people/lhwang/lhwang.html,6
http://www.cs.cornell.edu/info/people/lili/ll.html,6
http://www.cs.cornell.edu/info/people/lnt/lnt.html,2
http://www.cs.cornell.edu/info/people/lucy/lucy.html,6
http://www.cs.cornell.edu/info/people/lxwu/home.html,6
http://www.cs.cornell.edu/info/people/mhr/681/681.html,0
http://www.cs.cornell.edu/info/people/mhr/mhr.html,0
http://www.cs.cornell.edu/info/people/mhuang/stanley.html,6
http://www.cs.cornell.edu/info/people/millett/home.html,6
http://www.cs.cornell.edu/info/people/mishaal/home.html,6
http://www.cs.cornell.edu/info/people/nihowe/nihowe.html,6
http://www.cs.cornell.edu/info/people/nikos/cs222/cs222.html,0
http://www.cs.cornell.edu/info/people/nikos/nikos.html,0
http://www.cs.cornell.edu/info/people/nikosc/nikosc.html,5
http://www.cs.cornell.edu/info/people/nikosc/projects/prema/index.html,4
http://www.cs.cornell.edu/info/people/prakas/cs414/cs414.html,0
http://www.cs.cornell.edu/info/people/prakas/home.html,6
http://www.cs.cornell.edu/info/people/praveen/praveen.html,2
http://www.cs.cornell.edu/info/people/praveen/projects/seq.html,4
http://www.cs.cornell.edu/info/people/ralph/index.html,6
http://www.cs.cornell.edu/info/people/ravi/home.html,6
http://www.cs.cornell.edu/info/people/rdz/rdz.html,2
http://www.cs.cornell.edu/info/people/rick/home.html,4
http://www.cs.cornell.edu/info/people/ronitt/homepage.html,6
http://www.cs.cornell.edu/info/people/roy/roy.html,5
http://www.cs.cornell.edu/info/people/rus/home.html,5
http://www.cs.cornell.edu/info/people/rvr/rvr.html,5
http://www.cs.cornell.edu/info/people/sam/sam.html,2
http://www.cs.cornell.edu/info/people/samuel,2
http://www.cs.cornell.edu/info/people/scl/sean.html,6
http://www.cs.cornell.edu/info/people/seena/homepage.html,6
http://www.cs.cornell.edu/info/people/shim/shim.html,6
http://www.cs.cornell.edu/info/people/singhal/singhal.html,6
http://www.cs.cornell.edu/info/people/skl/skl.html,6
http://www.cs.cornell.edu/info/people/sonia/my.html,6
http://www.cs.cornell.edu/info/people/stodghil/home.html,6
http://www.cs.cornell.edu/info/people/sugata/home.html,6
http://www.cs.cornell.edu/info/people/summers/summers.html,6
http://www.cs.cornell.edu/info/people/suzuki/suzuki.html,6
http://www.cs.cornell.edu/info/people/swartz/swartz.html,6
http://www.cs.cornell.edu/info/people/tah/cs611.html,0
http://www.cs.cornell.edu/info/people/tah/hytech.html,4
http://www.cs.cornell.edu/info/people/tah/tah.html,2
http://www.cs.cornell.edu/info/people/takako/home.html,6
http://www.cs.cornell.edu/info/people/tt/tim_teitelbaum.html,2
http://www.cs.cornell.edu/info/people/tve/tve.html,2
http://www.cs.cornell.edu/info/people/ulfar/index.html,6
http://www.cs.cornell.edu/info/people/vavasis/qmg-home.html,4
http://www.cs.cornell.edu/info/people/vavasis/vavasis.html,2
http://www.cs.cornell.edu/info/people/vladimir/vladimir.html,6
http://www.cs.cornell.edu/info/people/weichen/weichen.html,6
http://www.cs.cornell.edu/info/people/whkao/whkao.html,6
http://www.cs.cornell.edu/info/people/wwlee/wwlee.html,6
http://www.cs.cornell.edu/info/people/xichun/xichun.html,6
http://www.cs.cornell.edu/info/people/yanhong/cachet.html,4
http://www.cs.cornell.edu/info/people/yanhong/index-postdoc.html,5
http://www.cs.cornell.edu/info/people/ychuang/ychuang.html,6
http://www.cs.cornell.edu/info/people/ychung/ychung.html,6
http://www.cs.cornell.edu/info/people/yminsky/yminsky.html,6
http://www.cs.cornell.edu/info/people/yuichi/yuichi.html,6
http://www.cs.cornell.edu/info/projects/cam,4
http://www.cs.cornell.edu/info/projects/csrvl/csrvl.html,4
http://www.cs.cornell.edu/info/projects/horus/arpa/arpa.html,4
http://www.cs.cornell.edu/info/projects/icap.html,4
http://www.cs.cornell.edu/info/projects/medianet,4
http://www.cs.cornell.edu/info/projects/nuprl/cs611/cs611.html,0
http://www.cs.cornell.edu/info/projects/nuprl/nuprl.html,4
http://www.cs.cornell.edu/info/projects/simlab/index.html,4
http://www.cs.cornell.edu/info/projects/sp-2,4
http://www.cs.cornell.edu/info/projects/split-c,4
http://www.cs.cornell.edu/info/projects/u-net,4
http://www.cs.cornell.edu/info/projects/zeno/zeno.html,4
http://www.tc.cornell.edu/visualization/education/cs417,0
http://www.tc.cornell.edu/visualization/education/cs418,0
http://www.tc.cornell.edu/~anne,5
http://www.tc.cornell.edu/~bruce,5
http://www.cs.utexas.edu,0
http://www.cs.utexas.edu/users/ai-lab,4
http://www.cs.utexas.edu/users/ajohn,6
http://www.cs.utexas.edu/users/almstrum/classes/cs336/fall96,2
http://www.cs.utexas.edu/users/almstrum/welcome.html,0
http://www.cs.utexas.edu/users/aruna,6
http://www.cs.utexas.edu/users/bayardo,6
http://www.cs.utexas.edu/users/bhanu,6
http://www.cs.utexas.edu/users/boyer,2
http://www.cs.utexas.edu/users/boyer/courses/cs395t-spring96.html,0
http://www.cs.utexas.edu/users/browne,2
http://www.cs.utexas.edu/users/cad/cad.html,6
http://www.cs.utexas.edu/users/canfield,6
http://www.cs.utexas.edu/users/carruth,6
http://www.cs.utexas.edu/users/ccp,6
http://www.cs.utexas.edu/users/cdj,6
http://www.cs.utexas.edu/users/chaput,6
http://www.cs.utexas.edu/users/chuang,6
http://www.cs.utexas.edu/users/cilk,4
http://www.cs.utexas.edu/users/ckpoon,6
http://www.cs.utexas.edu/users/ckwong,6
http://www.cs.utexas.edu/users/cnchu,6
http://www.cs.utexas.edu/users/code,4
http://www.cs.utexas.edu/users/cpg,6
http://www.cs.utexas.edu/users/cpg/rts,4
http://www.cs.utexas.edu/users/cthomp,6
http://www.cs.utexas.edu/users/dahlin,2
http://www.cs.utexas.edu/users/dahlin/classes/gradarch/index.html,0
http://www.cs.utexas.edu/users/dastuart,6
http://www.cs.utexas.edu/users/dianelaw,6
http://www.cs.utexas.edu/users/dionisis,6
http://www.cs.utexas.edu/users/diz,2
http://www.cs.utexas.edu/users/dmcl,4
http://www.cs.utexas.edu/users/dsb,2
http://www.cs.utexas.edu/users/dwip,6
http://www.cs.utexas.edu/users/dwip/cs304p/cs304p.html,0
http://www.cs.utexas.edu/users/ejp,6
http://www.cs.utexas.edu/users/emerson,2
http://www.cs.utexas.edu/users/emery,6
http://www.cs.utexas.edu/users/emmawu,6
http://www.cs.utexas.edu/users/esra,6
http://www.cs.utexas.edu/users/esteban,6
http://www.cs.utexas.edu/users/estlin,6
http://www.cs.utexas.edu/users/fussell,2
http://www.cs.utexas.edu/users/fussell/cs354.html,0
http://www.cs.utexas.edu/users/gajit,6
http://www.cs.utexas.edu/users/geeta,6
http://www.cs.utexas.edu/users/gokul,6
http://www.cs.utexas.edu/users/gooty,6
http://www.cs.utexas.edu/users/gouda,2
http://www.cs.utexas.edu/users/gunther,6
http://www.cs.utexas.edu/users/gyx,6
http://www.cs.utexas.edu/users/haizhou,6
http://www.cs.utexas.edu/users/haosun,6
http://www.cs.utexas.edu/users/hewett,6
http://www.cs.utexas.edu/users/hiep,6
http://www.cs.utexas.edu/users/hqliu,6
http://www.cs.utexas.edu/users/hqliu/cs378.html,0
http://www.cs.utexas.edu/users/hudson,6
http://www.cs.utexas.edu/users/isheldon,6
http://www.cs.utexas.edu/users/jadair,6
http://www.cs.utexas.edu/users/jbednar,6
http://www.cs.utexas.edu/users/jfang,6
http://www.cs.utexas.edu/users/joshi/cs380d-main.html,0
http://www.cs.utexas.edu/users/jthomas,6
http://www.cs.utexas.edu/users/jyluo,6
http://www.cs.utexas.edu/users/kedar,6
http://www.cs.utexas.edu/users/kharker,6
http://www.cs.utexas.edu/users/kistler,6
http://www.cs.utexas.edu/users/kornerup,6
http://www.cs.utexas.edu/users/kornerup/cs105,0
http://www.cs.utexas.edu/users/kuipers,2
http://www.cs.utexas.edu/users/lam,2
http://www.cs.utexas.edu/users/lam/nrl,4
http://www.cs.utexas.edu/users/lavender,2
http://www.cs.utexas.edu/users/lavender/cs378,0
http://www.cs.utexas.edu/users/less,4
http://www.cs.utexas.edu/users/lin,2
http://www.cs.utexas.edu/users/lin/cs395t,0
http://www.cs.utexas.edu/users/liugt,6
http://www.cs.utexas.edu/users/lorenzo,2
http://www.cs.utexas.edu/users/lorenzo/corsi/cs372/96f,0
http://www.cs.utexas.edu/users/lorenzo/corsi/cs395t/96f,0
http://www.cs.utexas.edu/users/luxue,6
http://www.cs.utexas.edu/users/lwerth,2
http://www.cs.utexas.edu/users/madhukar,6
http://www.cs.utexas.edu/users/mallory,6
http://www.cs.utexas.edu/users/marco,6
http://www.cs.utexas.edu/users/markj,6
http://www.cs.utexas.edu/users/markus,6
http://www.cs.utexas.edu/users/martym,6
http://www.cs.utexas.edu/users/mccain,6
http://www.cs.utexas.edu/users/mfkb,4
http://www.cs.utexas.edu/users/miranker,2
http://www.cs.utexas.edu/users/misra,2
http://www.cs.utexas.edu/users/ml,4
http://www.cs.utexas.edu/users/mooney,2
http://www.cs.utexas.edu/users/mooney/ai2,0
http://www.cs.utexas.edu/users/mooney/cs351/welcome.html,0
http://www.cs.utexas.edu/users/mooney/ml-course/welcome.html,0
http://www.cs.utexas.edu/users/moriarty,6
http://www.cs.utexas.edu/users/mwbarnes,6
http://www.cs.utexas.edu/users/ndale,2
http://www.cs.utexas.edu/users/neerajm,6
http://www.cs.utexas.edu/users/ngk,6
http://www.cs.utexas.edu/users/nimar,6
http://www.cs.utexas.edu/users/nl-acq,4
http://www.cs.utexas.edu/users/nn,4
http://www.cs.utexas.edu/users/novak,2
http://www.cs.utexas.edu/users/novak/cs304p.html,0
http://www.cs.utexas.edu/users/novak/cs375.html,0
http://www.cs.utexas.edu/users/novak/cs381k.html,0
http://www.cs.utexas.edu/users/novak/cs395t.html,0
http://www.cs.utexas.edu/users/oguer,6
http://www.cs.utexas.edu/users/oops,4
http://www.cs.utexas.edu/users/otu,6
http://www.cs.utexas.edu/users/pahardin,6
http://www.cs.utexas.edu/users/paulmcq,6
http://www.cs.utexas.edu/users/pawang,6
http://www.cs.utexas.edu/users/pecina,6
http://www.cs.utexas.edu/users/plaxton,2
http://www.cs.utexas.edu/users/porter,2
http://www.cs.utexas.edu/users/psp,4
http://www.cs.utexas.edu/users/qiming,6
http://www.cs.utexas.edu/users/qr,4
http://www.cs.utexas.edu/users/qzuo,6
http://www.cs.utexas.edu/users/rdb,2
http://www.cs.utexas.edu/users/rdb/cs195t,0
http://www.cs.utexas.edu/users/rdb/cs372,0
http://www.cs.utexas.edu/users/rhwang,6
http://www.cs.utexas.edu/users/risto,2
http://www.cs.utexas.edu/users/risto/cs378-nn,0
http://www.cs.utexas.edu/users/risto/cs395t-cs,0
http://www.cs.utexas.edu/users/rraj,6
http://www.cs.utexas.edu/users/rtan,6
http://www.cs.utexas.edu/users/rupert,6
http://www.cs.utexas.edu/users/rvdg,2
http://www.cs.utexas.edu/users/sak,6
http://www.cs.utexas.edu/users/sammy,6
http://www.cs.utexas.edu/users/sawada,6
http://www.cs.utexas.edu/users/schwartz,4
http://www.cs.utexas.edu/users/sfkaplan,6
http://www.cs.utexas.edu/users/shenoy,6
http://www.cs.utexas.edu/users/shma,6
http://www.cs.utexas.edu/users/skumar,6
http://www.cs.utexas.edu/users/smaragd,6
http://www.cs.utexas.edu/users/son,6
http://www.cs.utexas.edu/users/souther,5
http://www.cs.utexas.edu/users/sowmya,6
http://www.cs.utexas.edu/users/sriram,6
http://www.cs.utexas.edu/users/ssinha,6
http://www.cs.utexas.edu/users/sunghee,6
http://www.cs.utexas.edu/users/suzy/cs304p/index.html,0
http://www.cs.utexas.edu/users/svkakkad,6
http://www.cs.utexas.edu/users/syu,6
http://www.cs.utexas.edu/users/tewari,6
http://www.cs.utexas.edu/users/twang,6
http://www.cs.utexas.edu/users/twang/cs387h/index.html,0
http://www.cs.utexas.edu/users/ulf,6
http://www.cs.utexas.edu/users/unicron,6
http://www.cs.utexas.edu/users/utcs/report/1994/profiles/bledsoe.html,2
http://www.cs.utexas.edu/users/vin,2
http://www.cs.utexas.edu/users/vin/cs380l.html,0
http://www.cs.utexas.edu/users/vin/cs384m.html,0
http://www.cs.utexas.edu/users/vin/cs395t.html,0
http://www.cs.utexas.edu/users/vipin,6
http://www.cs.utexas.edu/users/vl,2
http://www.cs.utexas.edu/users/vlr,2
http://www.cs.utexas.edu/users/vlr/f96.html,0
http://www.cs.utexas.edu/users/vlr/sac.html,4
http://www.cs.utexas.edu/users/walkerh,2
http://www.cs.utexas.edu/users/warshaw,6
http://www.cs.utexas.edu/users/wilson,2
http://www.cs.utexas.edu/users/wilson/cs345.html,0
http://www.cs.utexas.edu/users/xfeng/cs105/cs105.html,0
http://www.cs.utexas.edu/users/xguo,6
http://www.cs.utexas.edu/users/yangyang/cs352,0
http://www.cs.utexas.edu/users/yau,6
http://www.cs.utexas.edu/users/yonglu,6
http://www.cs.utexas.edu/users/yschoe,6
http://www.cs.utexas.edu/users/yuanjing,6
http://www.cs.utexas.edu/users/yufeng,6
http://www.cs.utexas.edu/users/yufeng/cs378.html,0
http://www.cs.utexas.edu/users/zchen,6
http://www.cs.utexas.edu/users/zhouxiao,6
http://www.cs.utexas.edu/users/zhuqing,6
http://www.ma.utexas.edu/users/bshults/atp,4
http://metacrawler.cs.washington.edu:8080,4
http://www.cs.washington.edu,0
http://www.cs.washington.edu/education/courses/135,0
http://www.cs.washington.edu/education/courses/142/95a,0
http://www.cs.washington.edu/education/courses/142/currentqtr,0
http://www.cs.washington.edu/education/courses/143/currentqtr,0
http://www.cs.washington.edu/education/courses/321,2
http://www.cs.washington.edu/education/courses/322/96w,0
http://www.cs.washington.edu/education/courses/322/currentqtr,0
http://www.cs.washington.edu/education/courses/326,0
http://www.cs.washington.edu/education/courses/326/95sp,0
http://www.cs.washington.edu/education/courses/341,0
http://www.cs.washington.edu/education/courses/341/spring96/index.html,0
http://www.cs.washington.edu/education/courses/370,0
http://www.cs.washington.edu/education/courses/370/currentqtr,0
http://www.cs.washington.edu/education/courses/373,0
http://www.cs.washington.edu/education/courses/373/95a/index.html.95a,0
http://www.cs.washington.edu/education/courses/373/96w/w96index.html,0
http://www.cs.washington.edu/education/courses/378/currentqtr,0
http://www.cs.washington.edu/education/courses/401/currentquarter,0
http://www.cs.washington.edu/education/courses/403,0
http://www.cs.washington.edu/education/courses/413,0
http://www.cs.washington.edu/education/courses/421,0
http://www.cs.washington.edu/education/courses/431,0
http://www.cs.washington.edu/education/courses/451/currentquarter,0
http://www.cs.washington.edu/education/courses/457,0
http://www.cs.washington.edu/education/courses/461,0
http://www.cs.washington.edu/education/courses/461/sp96,0
http://www.cs.washington.edu/education/courses/467,0
http://www.cs.washington.edu/education/courses/467/fall96,0
http://www.cs.washington.edu/education/courses/471,0
http://www.cs.washington.edu/education/courses/473,0
http://www.cs.washington.edu/education/courses/477,0
http://www.cs.washington.edu/education/courses/501,0
http://www.cs.washington.edu/education/courses/501/95,0
http://www.cs.washington.edu/education/courses/505/currentquarter,0
http://www.cs.washington.edu/education/courses/505/fall94,0
http://www.cs.washington.edu/education/courses/521,0
http://www.cs.washington.edu/education/courses/524,0
http://www.cs.washington.edu/education/courses/531,0
http://www.cs.washington.edu/education/courses/531/91a,0
http://www.cs.washington.edu/education/courses/531/currentqtr,0
http://www.cs.washington.edu/education/courses/543,0
http://www.cs.washington.edu/education/courses/548,0
http://www.cs.washington.edu/education/courses/551,0
http://www.cs.washington.edu/education/courses/557,0
http://www.cs.washington.edu/education/courses/567,0
http://www.cs.washington.edu/education/courses/573,0
http://www.cs.washington.edu/education/courses/574,0
http://www.cs.washington.edu/education/courses/576,0
http://www.cs.washington.edu/education/courses/581,0
http://www.cs.washington.edu/education/courses/590b,0
http://www.cs.washington.edu/education/courses/590bi,0
http://www.cs.washington.edu/education/courses/590d,0
http://www.cs.washington.edu/education/courses/590d/autumn95.html,0
http://www.cs.washington.edu/education/courses/590d/autumn96.html,0
http://www.cs.washington.edu/education/courses/590g,0
http://www.cs.washington.edu/education/courses/590h,0
http://www.cs.washington.edu/education/courses/590k,0
http://www.cs.washington.edu/education/courses/590o,0
http://www.cs.washington.edu/education/courses/590s,0
http://www.cs.washington.edu/education/courses/590s/au95/index.html,0
http://www.cs.washington.edu/education/courses/590zpl,0
http://www.cs.washington.edu/education/courses/cse370/currentqtr,0
http://www.cs.washington.edu/education/courses/cse403/95w,0
http://www.cs.washington.edu/education/courses/cse567,0
http://www.cs.washington.edu/education/courses/cse573,0
http://www.cs.washington.edu/homes/aberman,6
http://www.cs.washington.edu/homes/adam,6
http://www.cs.washington.edu/homes/ahrens,6
http://www.cs.washington.edu/homes/ahrens/devr,4
http://www.cs.washington.edu/homes/ajb,6
http://www.cs.washington.edu/homes/anderson,2
http://www.cs.washington.edu/homes/anhai,6
http://www.cs.washington.edu/homes/bam,6
http://www.cs.washington.edu/homes/beame/beame.html,0
http://www.cs.washington.edu/homes/becker,5
http://www.cs.washington.edu/homes/bershad,2
http://www.cs.washington.edu/homes/bobd,5
http://www.cs.washington.edu/homes/borning,2
http://www.cs.washington.edu/homes/brad,6
http://www.cs.washington.edu/homes/brendan,6
http://www.cs.washington.edu/homes/bricker,6
http://www.cs.washington.edu/homes/carlson,6
http://www.cs.washington.edu/homes/certain,6
http://www.cs.washington.edu/homes/chou,6
http://www.cs.washington.edu/homes/corin,6
http://www.cs.washington.edu/homes/csk,6
http://www.cs.washington.edu/homes/ctkwok,6
http://www.cs.washington.edu/homes/darrenc,6
http://www.cs.washington.edu/homes/dbc1,6
http://www.cs.washington.edu/homes/dbj,6
http://www.cs.washington.edu/homes/ddion,6
http://www.cs.washington.edu/homes/derrick,6
http://www.cs.washington.edu/homes/dfasulo,6
http://www.cs.washington.edu/homes/dickey,2
http://www.cs.washington.edu/homes/dlee,6
http://www.cs.washington.edu/homes/dougz,6
http://www.cs.washington.edu/homes/dylan,6
http://www.cs.washington.edu/homes/echris,6
http://www.cs.washington.edu/homes/eggers,2
http://www.cs.washington.edu/homes/egs,6
http://www.cs.washington.edu/homes/eric,6
http://www.cs.washington.edu/homes/etzioni,2
http://www.cs.washington.edu/homes/feeley,6
http://www.cs.washington.edu/homes/fisher,5
http://www.cs.washington.edu/homes/fix,6
http://www.cs.washington.edu/homes/fm,5
http://www.cs.washington.edu/homes/forman,6
http://www.cs.washington.edu/homes/friedman,6
http://www.cs.washington.edu/homes/gaetano,2
http://www.cs.washington.edu/homes/georgew,6
http://www.cs.washington.edu/homes/gjb,6
http://www.cs.washington.edu/homes/glinden,6
http://www.cs.washington.edu/homes/grant,6
http://www.cs.washington.edu/homes/grove,6
http://www.cs.washington.edu/homes/hauck,6
http://www.cs.washington.edu/homes/ian,6
http://www.cs.washington.edu/homes/jamrozik,5
http://www.cs.washington.edu/homes/jasons,6
http://www.cs.washington.edu/homes/jbaer,6
http://www.cs.washington.edu/homes/jbuhler,6
http://www.cs.washington.edu/homes/jdean,6
http://www.cs.washington.edu/homes/jdreese,5
http://www.cs.washington.edu/homes/jlo,6
http://www.cs.washington.edu/homes/joebob,6
http://www.cs.washington.edu/homes/jovan,6
http://www.cs.washington.edu/homes/jpower,6
http://www.cs.washington.edu/homes/juanito,6
http://www.cs.washington.edu/homes/kapu,6
http://www.cs.washington.edu/homes/karlin,2
http://www.cs.washington.edu/homes/kayee,6
http://www.cs.washington.edu/homes/kepart,6
http://www.cs.washington.edu/homes/kgolden,6
http://www.cs.washington.edu/homes/kingsum,6
http://www.cs.washington.edu/homes/kwb,5
http://www.cs.washington.edu/homes/ladner,2
http://www.cs.washington.edu/homes/larry/index.html,5
http://www.cs.washington.edu/homes/leveson,2
http://www.cs.washington.edu/homes/levy,2
http://www.cs.washington.edu/homes/levy/opal/opal.html,4
http://www.cs.washington.edu/homes/lopez,6
http://www.cs.washington.edu/homes/madani,6
http://www.cs.washington.edu/homes/map,6
http://www.cs.washington.edu/homes/marclang,6
http://www.cs.washington.edu/homes/marla,6
http://www.cs.washington.edu/homes/matthai,6
http://www.cs.washington.edu/homes/mckenzie,6
http://www.cs.washington.edu/homes/mef,6
http://www.cs.washington.edu/homes/mel,6
http://www.cs.washington.edu/homes/mernst,6
http://www.cs.washington.edu/homes/mock,6
http://www.cs.washington.edu/homes/montgmry,6
http://www.cs.washington.edu/homes/nara,6
http://www.cs.washington.edu/homes/nautiyal,6
http://www.cs.washington.edu/homes/nick,6
http://www.cs.washington.edu/homes/notkin,2
http://www.cs.washington.edu/homes/ohlrich,6
http://www.cs.washington.edu/homes/ori,6
http://www.cs.washington.edu/homes/ortega,6
http://www.cs.washington.edu/homes/pardo,6
http://www.cs.washington.edu/homes/paul,6
http://www.cs.washington.edu/homes/pighin,6
http://www.cs.washington.edu/homes/rea,6
http://www.cs.washington.edu/homes/redstone,6
http://www.cs.washington.edu/homes/rex,6
http://www.cs.washington.edu/homes/romer,6
http://www.cs.washington.edu/homes/romer/memsys/index.html,4
http://www.cs.washington.edu/homes/romer/rocky,4
http://www.cs.washington.edu/homes/rrogers,6
http://www.cs.washington.edu/homes/ruzzo,2
http://www.cs.washington.edu/homes/salesin,2
http://www.cs.washington.edu/homes/salisbur,6
http://www.cs.washington.edu/homes/savage,6
http://www.cs.washington.edu/homes/sds,6
http://www.cs.washington.edu/homes/segal,6
http://www.cs.washington.edu/homes/sgberg,6
http://www.cs.washington.edu/homes/shade,6
http://www.cs.washington.edu/homes/shapiro,2
http://www.cs.washington.edu/homes/shuntak,6
http://www.cs.washington.edu/homes/skoga,6
http://www.cs.washington.edu/homes/soha,6
http://www.cs.washington.edu/homes/sparekh,6
http://www.cs.washington.edu/homes/sungeun,6
http://www.cs.washington.edu/homes/thu,6
http://www.cs.washington.edu/homes/tiwary,6
http://www.cs.washington.edu/homes/tlau,6
http://www.cs.washington.edu/homes/tompa,2
http://www.cs.washington.edu/homes/tracyk,6
http://www.cs.washington.edu/homes/travis,6
http://www.cs.washington.edu/homes/tullsen,6
http://www.cs.washington.edu/homes/vanhilst,6
http://www.cs.washington.edu/homes/vass,6
http://www.cs.washington.edu/homes/vivek,6
http://www.cs.washington.edu/homes/voelker,6
http://www.cs.washington.edu/homes/waynew,6
http://www.cs.washington.edu/homes/wchan,6
http://www.cs.washington.edu/homes/weld/weld.html,2
http://www.cs.washington.edu/homes/wendy,6
http://www.cs.washington.edu/homes/whsieh,5
http://www.cs.washington.edu/homes/wolman,6
http://www.cs.washington.edu/homes/xqin,6
http://www.cs.washington.edu/homes/yasushi,6
http://www.cs.washington.edu/homes/zamir,6
http://www.cs.washington.edu/homes/zmason,6
http://www.cs.washington.edu/people/faculty/baer.html,2
http://www.cs.washington.edu/people/faculty/chambers.html,2
http://www.cs.washington.edu/people/faculty/ebeling.html,2
http://www.cs.washington.edu/people/faculty/hanks.html,2
http://www.cs.washington.edu/people/faculty/karp.html,2
http://www.cs.washington.edu/people/faculty/lazowska,2
http://www.cs.washington.edu/people/faculty/snyder.html,2
http://www.cs.washington.edu/people/faculty/tanimoto.html,2
http://www.cs.washington.edu/people/faculty/zahorjan.html,2
http://www.cs.washington.edu/research/community-networks,4
http://www.cs.washington.edu/research/metip/metip.html,4
http://www.cs.washington.edu/research/mobicomp/mobile.html,4
http://www.cs.washington.edu/research/projects/cecil/cecil/www/cecil-home.html,4
http://www.cs.washington.edu/research/projects/grail2/www/index.html,4
http://www.cs.washington.edu/research/projects/lis/chaos/www/chaos.html,4
http://www.cs.washington.edu/research/projects/lis/chinook/www,4
http://www.cs.washington.edu/research/projects/lis/www/emerald,4
http://www.cs.washington.edu/research/projects/lis/www/index.html,4
http://www.cs.washington.edu/research/projects/safety/www,4
http://www.cs.washington.edu/research/projects/softbots/www/softbots.html,4
http://www.cs.washington.edu/research/projects/spin/www,4
http://www.cs.washington.edu/research/projects/unisw/dyncomp/www,4
http://www.cs.washington.edu/research/projects/weird/www,4
http://www.cs.washington.edu/research/projects/zpl,4
http://www.cs.washington.edu/research/smt,4
http://robios8.me.wisc.edu,4
http://robios8.me.wisc.edu/~lumelsky/lumelsky.html,2
http://www.cae.wisc.edu/~ece552,0
http://www.cs.wisc.edu,0
http://www.cs.wisc.edu/condor,4
http://www.cs.wisc.edu/condor/next.html,4
http://www.cs.wisc.edu/coral,4
http://www.cs.wisc.edu/cpnet,4
http://www.cs.wisc.edu/exodus,4
http://www.cs.wisc.edu/paradise,4
http://www.cs.wisc.edu/scout,4
http://www.cs.wisc.edu/shore,4
http://www.cs.wisc.edu/~agupta/agupta.html,6
http://www.cs.wisc.edu/~alain/alain.html,6
http://www.cs.wisc.edu/~allex/allex.html,6
http://www.cs.wisc.edu/~amir/amir.html,6
http://www.cs.wisc.edu/~amos/amos.html,2
http://www.cs.wisc.edu/~arch/uwarch/courses/cs354.html,0
http://www.cs.wisc.edu/~arch/uwarch/courses/cs552.html,0
http://www.cs.wisc.edu/~arch/uwarch/courses/cs752.html,0
http://www.cs.wisc.edu/~arch/uwarch/courses/cs757.html,0
http://www.cs.wisc.edu/~arvind/arvind.html,6
http://www.cs.wisc.edu/~ashisht/ashisht.html,6
http://www.cs.wisc.edu/~ashraf/ashraf.html,6
http://www.cs.wisc.edu/~bach/bach.html,2
http://www.cs.wisc.edu/~bart/bart.html,2
http://www.cs.wisc.edu/~bart/cs736.html,0
http://www.cs.wisc.edu/~ben/ben.html,6
http://www.cs.wisc.edu/~bestor/bestor.html,0
http://www.cs.wisc.edu/~bestor/cs110/cs110.html,0
http://www.cs.wisc.edu/~bestor/cs302/cs302.html,0
http://www.cs.wisc.edu/~beyer/beyer.html,6
http://www.cs.wisc.edu/~bezenek/bezenek.html,6
http://www.cs.wisc.edu/~bockrath/bockrath.html,6
http://www.cs.wisc.edu/~bolo/bolo.html,5
http://www.cs.wisc.edu/~brad/brad.html,6
http://www.cs.wisc.edu/~breach/breach.html,6
http://www.cs.wisc.edu/~bsri/bsri.html,6
http://www.cs.wisc.edu/~burnett/burnett.html,6
http://www.cs.wisc.edu/~burnett/cs302.html,0
http://www.cs.wisc.edu/~cao/cao.html,2
http://www.cs.wisc.edu/~cao/cs736/cs736.html,0
http://www.cs.wisc.edu/~caol/caol.html,6
http://www.cs.wisc.edu/~carey/carey.html,2
http://www.cs.wisc.edu/~cchin/cchin.html,6
http://www.cs.wisc.edu/~chilimbi/chilimbi.html,6
http://www.cs.wisc.edu/~cs110/cs110.html,0
http://www.cs.wisc.edu/~cs132-1/cs132.html,0
http://www.cs.wisc.edu/~cs132-2/cs132.html,0
http://www.cs.wisc.edu/~cs132-3/cs132.html,0
http://www.cs.wisc.edu/~cs132-4/cs132.html,0
http://www.cs.wisc.edu/~cs302,0
http://www.cs.wisc.edu/~cs302/course.html,0
http://www.cs.wisc.edu/~cs302/cs302.html,0
http://www.cs.wisc.edu/~cs310-1/cs310.html,0
http://www.cs.wisc.edu/~cs310-2/cs310.html,0
http://www.cs.wisc.edu/~cs367-2/cs367.html,0
http://www.cs.wisc.edu/~cs367-3/cs367.html,0
http://www.cs.wisc.edu/~cs513-1/cs513.html,0
http://www.cs.wisc.edu/~cs520-1/cs520.html,0
http://www.cs.wisc.edu/~cs525-1/cs525.html,0
http://www.cs.wisc.edu/~cs537-1/cs537.html,0
http://www.cs.wisc.edu/~cs537-2/cs537.html,0
http://www.cs.wisc.edu/~cs564-1/cs564.html,0
http://www.cs.wisc.edu/~cs564-2/cs564.html,0
http://www.cs.wisc.edu/~cs577-1/cs577.html,0
http://www.cs.wisc.edu/~cs640-1/cs640.html,0
http://www.cs.wisc.edu/~cs726-1,0
http://www.cs.wisc.edu/~cs726-1/cs726.html,0
http://www.cs.wisc.edu/~cs737-1/cs737.html,0
http://www.cs.wisc.edu/~cs838-1/cs838.html,0
http://www.cs.wisc.edu/~cs838-2/cs838.html,0
http://www.cs.wisc.edu/~csashi/csashi.html,6
http://www.cs.wisc.edu/~curt/curt.html,5
http://www.cs.wisc.edu/~dailey/dailey.html,6
http://www.cs.wisc.edu/~david/david.html,2
http://www.cs.wisc.edu/~dburger/dburger.html,6
http://www.cs.wisc.edu/~deboor/cs412.html,0
http://www.cs.wisc.edu/~deboor/cs717.html,0
http://www.cs.wisc.edu/~deboor/deboor.html,2
http://www.cs.wisc.edu/~deboor/ma887.html,0
http://www.cs.wisc.edu/~devise,4
http://www.cs.wisc.edu/~dewitt/dewitt.html,2
http://www.cs.wisc.edu/~dsilva/cs110.html,0
http://www.cs.wisc.edu/~dyer/cs540.html,0
http://www.cs.wisc.edu/~dyer/cs766.html,0
http://www.cs.wisc.edu/~dyer/dyer.html,2
http://www.cs.wisc.edu/~dzimm/cs302.html,0
http://www.cs.wisc.edu/~dzimm/dzimm.html,0
http://www.cs.wisc.edu/~ejhazen/ejhazen.html,5
http://www.cs.wisc.edu/~eliassi/eliassi.html,6
http://www.cs.wisc.edu/~ericro/ericro.html,6
http://www.cs.wisc.edu/~falsafi/falsafi.html,6
http://www.cs.wisc.edu/~ferris/cs525-all.html,0
http://www.cs.wisc.edu/~ferris/cs719.html,0
http://www.cs.wisc.edu/~ferris/cs733.html,0
http://www.cs.wisc.edu/~ferris/ferris.html,2
http://www.cs.wisc.edu/~finton/finton.html,6
http://www.cs.wisc.edu/~fischer/cs701.html,0
http://www.cs.wisc.edu/~fischer/fischer.html,2
http://www.cs.wisc.edu/~flisakow/flisakow.html,5
http://www.cs.wisc.edu/~galileo,4
http://www.cs.wisc.edu/~geery/geery.html,6
http://www.cs.wisc.edu/~glaserea/glaserea.html,2
http://www.cs.wisc.edu/~goodman/goodman.html,2
http://www.cs.wisc.edu/~greg/cs302.html,0
http://www.cs.wisc.edu/~greg/greg.html,6
http://www.cs.wisc.edu/~guangshu/guangshu.html,6
http://www.cs.wisc.edu/~gviswana/gviswana.html,6
http://www.cs.wisc.edu/~harit/harit.html,6
http://www.cs.wisc.edu/~hasti/hasti.html,6
http://www.cs.wisc.edu/~hcl/cs302.html,0
http://www.cs.wisc.edu/~hcl/hcl.html,6
http://www.cs.wisc.edu/~hert/hert.html,6
http://www.cs.wisc.edu/~hog/hog.html,6
http://www.cs.wisc.edu/~horwitz/cs536/cs536.html,0
http://www.cs.wisc.edu/~horwitz/horwitz.html,2
http://www.cs.wisc.edu/~hummert/cs110/cs110.html,0
http://www.cs.wisc.edu/~hummert/hummert.html,6
http://www.cs.wisc.edu/~iigor/iigor.html,6
http://www.cs.wisc.edu/~iss/userid.html,6
http://www.cs.wisc.edu/~jbasney/jbasney.html,6
http://www.cs.wisc.edu/~jerel/jerel.html,6
http://www.cs.wisc.edu/~jherro/jherro.html,6
http://www.cs.wisc.edu/~jiebing/jiebing.html,6
http://www.cs.wisc.edu/~jignesh/jignesh.html,6
http://www.cs.wisc.edu/~joev/joev.html,6
http://www.cs.wisc.edu/~johannes/johannes.html,6
http://www.cs.wisc.edu/~jonb/cs132/index.html,0
http://www.cs.wisc.edu/~jonb/jonb.html,6
http://www.cs.wisc.edu/~jshabel/jshabel.html,6
http://www.cs.wisc.edu/~jussi/jussi.html,6
http://www.cs.wisc.edu/~jyothi/jyothi.html,6
http://www.cs.wisc.edu/~karavan/karavan.html,6
http://www.cs.wisc.edu/~kaxiras/kaxiras.html,6
http://www.cs.wisc.edu/~kristint/kristint.html,6
http://www.cs.wisc.edu/~krung/krung.html,6
http://www.cs.wisc.edu/~kunen/cs540.html,0
http://www.cs.wisc.edu/~kunen/kunen.html,0
http://www.cs.wisc.edu/~larus/larus.html,2
http://www.cs.wisc.edu/~leavy/leavy.html,6
http://www.cs.wisc.edu/~lederman/lederman.html,5
http://www.cs.wisc.edu/~lhl/lhl.html,2
http://www.cs.wisc.edu/~lloyd/lloyd.html,6
http://www.cs.wisc.edu/~manuvir/manuvir.html,2
http://www.cs.wisc.edu/~markhill/cs752.html,0
http://www.cs.wisc.edu/~markhill/cs752/fall94-95/cs752.html,0
http://www.cs.wisc.edu/~markhill/markhill.html,2
http://www.cs.wisc.edu/~mbirk/cs110,0
http://www.cs.wisc.edu/~mbirk/cs302,0
http://www.cs.wisc.edu/~mbirk/mbirk.html,6
http://www.cs.wisc.edu/~mcauliff/mcauliff.html,6
http://www.cs.wisc.edu/~mds/mds.html,6
http://www.cs.wisc.edu/~mellen/mellen.html,6
http://www.cs.wisc.edu/~melski/cs302.html,0
http://www.cs.wisc.edu/~melski/melski.html,6
http://www.cs.wisc.edu/~milo/cs302.html,0
http://www.cs.wisc.edu/~milo/milo.html,6
http://www.cs.wisc.edu/~minos/minos.html,6
http://www.cs.wisc.edu/~mjrg/mjrg.html,5
http://www.cs.wisc.edu/~morgan/morgan.html,6
http://www.cs.wisc.edu/~moshovos/moshovos.html,6
http://www.cs.wisc.edu/~mreames/cs302.html,0
http://www.cs.wisc.edu/~mreames/mreames.html,6
http://www.cs.wisc.edu/~mscalar,4
http://www.cs.wisc.edu/~msteele/cs302.html,0
http://www.cs.wisc.edu/~msteele/msteele.html,6
http://www.cs.wisc.edu/~myuin/myuin.html,6
http://www.cs.wisc.edu/~natassa/natassa.html,6
http://www.cs.wisc.edu/~naughton/naughton.html,2
http://www.cs.wisc.edu/~navin/navin.html,6
http://www.cs.wisc.edu/~newhall/newhall.html,6
http://www.cs.wisc.edu/~nhall/nhall.html,5
http://www.cs.wisc.edu/~nsp/nsp.html,6
http://www.cs.wisc.edu/~olvi/olvi.html,2
http://www.cs.wisc.edu/~olvi/uwmp/cancer.html,4
http://www.cs.wisc.edu/~olvi/uwmp/pat_sep.html,6
http://www.cs.wisc.edu/~paradyn,4
http://www.cs.wisc.edu/~parker/parker.html,6
http://www.cs.wisc.edu/~paulb/paulb.html,4
http://www.cs.wisc.edu/~pdevries/pdevries.html,5
http://www.cs.wisc.edu/~plakal/plakal.html,6
http://www.cs.wisc.edu/~pmd/pmd.html,6
http://www.cs.wisc.edu/~poosala/poosala.html,6
http://www.cs.wisc.edu/~praveen/projects/seq.html,4
http://www.cs.wisc.edu/~prock/cs302.html,0
http://www.cs.wisc.edu/~prock/prock.html,6
http://www.cs.wisc.edu/~pubs/faculty-info/condon.html,2
http://www.cs.wisc.edu/~pubs/faculty-info/miron.html,2
http://www.cs.wisc.edu/~pubs/faculty-info/vernon.html,2
http://www.cs.wisc.edu/~raghu/raghu.html,2
http://www.cs.wisc.edu/~rahul/rahul.html,6
http://www.cs.wisc.edu/~raji/raji.html,6
http://www.cs.wisc.edu/~raman/raman.html,6
http://www.cs.wisc.edu/~ramasamy/ramasamy.html,6
http://www.cs.wisc.edu/~ratliff/132.html,0
http://www.cs.wisc.edu/~ratliff/ratliff.html,6
http://www.cs.wisc.edu/~rcarl/rcarl.html,6
http://www.cs.wisc.edu/~reps/reps.html,6
http://www.cs.wisc.edu/~rmanning/cs110.html,0
http://www.cs.wisc.edu/~saeed/saeed.html,6
http://www.cs.wisc.edu/~sally/cs132.html,0
http://www.cs.wisc.edu/~sally/sally.html,2
http://www.cs.wisc.edu/~samit/samit.html,6
http://www.cs.wisc.edu/~sashwin/sashwin.html,6
http://www.cs.wisc.edu/~sastry/sastry.html,6
http://www.cs.wisc.edu/~scal/scal.html,5
http://www.cs.wisc.edu/~schandra/schandra.html,6
http://www.cs.wisc.edu/~schnarr/schnarr.html,6
http://www.cs.wisc.edu/~schoinas/schoinas.html,6
http://www.cs.wisc.edu/~seitz/animation.html,4
http://www.cs.wisc.edu/~seitz/interp/interp.html,4
http://www.cs.wisc.edu/~seitz/interp/vmorph.html,4
http://www.cs.wisc.edu/~seitz/pmotion.html,4
http://www.cs.wisc.edu/~seitz/seitz.html,4
http://www.cs.wisc.edu/~shavlik/cs540-all.html,0
http://www.cs.wisc.edu/~shavlik/cs760.html,0
http://www.cs.wisc.edu/~shavlik/shavlik.html,2
http://www.cs.wisc.edu/~shavlik/uwml.html,4
http://www.cs.wisc.edu/~shubu/shubu.html,6
http://www.cs.wisc.edu/~skrentny/skrentny.html,6
http://www.cs.wisc.edu/~so/so.html,2
http://www.cs.wisc.edu/~so/travis.html,2
http://www.cs.wisc.edu/~sodani/sodani.html,6
http://www.cs.wisc.edu/~sohi/sohi.html,2
http://www.cs.wisc.edu/~solomon/cs736.html,0
http://www.cs.wisc.edu/~solomon/solomon.html,2
http://www.cs.wisc.edu/~ssl/ssl.html,6
http://www.cs.wisc.edu/~stenglei/stenglei.html,6
http://www.cs.wisc.edu/~stever/stever.html,6
http://www.cs.wisc.edu/~strik/cs310.html,0
http://www.cs.wisc.edu/~strik/strik.html,2
http://www.cs.wisc.edu/~subbarao/subbarao.html,6
http://www.cs.wisc.edu/~suhui/cs132.html,0
http://www.cs.wisc.edu/~suhui/suhui.html,6
http://www.cs.wisc.edu/~sundaram/sundaram.html,6
http://www.cs.wisc.edu/~swanderb/swanderb.html,6
http://www.cs.wisc.edu/~tamches/tamches.html,6
http://www.cs.wisc.edu/~tick/cs110.html,0
http://www.cs.wisc.edu/~tick/tick.html,6
http://www.cs.wisc.edu/~tmunson/302/home.html,0
http://www.cs.wisc.edu/~tmunson/tmunson.html,6
http://www.cs.wisc.edu/~toonen/toonen.html,6
http://www.cs.wisc.edu/~tsiolis/tsiolis.html,6
http://www.cs.wisc.edu/~turnidge/cs302.html,0
http://www.cs.wisc.edu/~turnidge/turnidge.html,6
http://www.cs.wisc.edu/~twang/twang.html,6
http://www.cs.wisc.edu/~vganti/vganti.html,6
http://www.cs.wisc.edu/~vijay/vijay.html,6
http://www.cs.wisc.edu/~watrous/watrous.html,6
http://www.cs.wisc.edu/~weaver/cs302.html,0
http://www.cs.wisc.edu/~weaver/weaver.html,6
http://www.cs.wisc.edu/~weiruc/weiruc.html,6
http://www.cs.wisc.edu/~weiz/weiz.html,6
http://www.cs.wisc.edu/~wenger/wenger.html,5
http://www.cs.wisc.edu/~wwt,4
http://www.cs.wisc.edu/~yannis/yannis.html,2
http://www.cs.wisc.edu/~zhang/zhang.html,6
http://www.cs.wisc.edu/~zhao/zhao.html,6
http://www.cs.wisc.edu/~zhichen/zhichen.html,6
http://www.cs.wisc.edu/~zj/zj.html,6
http://www.ece.wisc.edu/~jes/ece752.html,0
http://www.engr.wisc.edu/ece/faculty/saluja_kewal.html,2
http://www.engr.wisc.edu/me/faculty/duffie_neil.html,2
http://www.engr.wisc.edu/me/faculty/shapiro_vadim.html,2
